{"generation": 0, "best_mean": -2.6093430519104004, "best_std": 5.921786308288574, "best_max": 2.12068247795105, "best_min": -53.12226867675781, "best_median": -1.0263338088989258, "n_episodes": 200, "n_neurons_best": 2, "n_conns_best": 38}
{"generation": 1, "best_mean": -2.0509390830993652, "best_std": 2.0769097805023193, "best_max": 1.3554625511169434, "best_min": -14.088342666625977, "best_median": -1.8766701221466064, "n_episodes": 200, "n_neurons_best": 2, "n_conns_best": 37}
{"generation": 2, "best_mean": -0.6357389092445374, "best_std": 4.530946254730225, "best_max": 3.017155885696411, "best_min": -26.478422164916992, "best_median": 0.6497703790664673, "n_episodes": 200, "n_neurons_best": 3, "n_conns_best": 38}
{"generation": 3, "best_mean": -0.0615033283829689, "best_std": 3.3381199836730957, "best_max": 3.1457176208496094, "best_min": -20.54274559020996, "best_median": 0.7739284038543701, "n_episodes": 200, "n_neurons_best": 3, "n_conns_best": 38}
{"generation": 4, "best_mean": -0.1338028907775879, "best_std": 3.3169636726379395, "best_max": 4.05433464050293, "best_min": -19.298809051513672, "best_median": 0.7997405529022217, "n_episodes": 200, "n_neurons_best": 3, "n_conns_best": 36}
{"generation": 5, "best_mean": 0.8745539784431458, "best_std": 2.376495599746704, "best_max": 4.17317533493042, "best_min": -18.337501525878906, "best_median": 1.4322233200073242, "n_episodes": 200, "n_neurons_best": 5, "n_conns_best": 42}
{"generation": 6, "best_mean": 0.8695788383483887, "best_std": 2.749699115753174, "best_max": 4.034323215484619, "best_min": -20.71567726135254, "best_median": 1.4892783164978027, "n_episodes": 200, "n_neurons_best": 5, "n_conns_best": 42}
{"generation": 7, "best_mean": 0.501590371131897, "best_std": 3.152787446975708, "best_max": 3.9625632762908936, "best_min": -18.565202713012695, "best_median": 1.3844033479690552, "n_episodes": 200, "n_neurons_best": 5, "n_conns_best": 42}
{"generation": 8, "best_mean": 0.9490721225738525, "best_std": 2.1900901794433594, "best_max": 3.808830976486206, "best_min": -9.839509963989258, "best_median": 1.4362311363220215, "n_episodes": 200, "n_neurons_best": 5, "n_conns_best": 42}
{"generation": 9, "best_mean": 0.8529592156410217, "best_std": 6.682554244995117, "best_max": 4.318157196044922, "best_min": -82.97364807128906, "best_median": 1.949566125869751, "n_episodes": 200, "n_neurons_best": 7, "n_conns_best": 38}
{"generation": 10, "best_mean": 1.1815348863601685, "best_std": 6.877552509307861, "best_max": 5.1407551765441895, "best_min": -89.57044219970703, "best_median": 2.2530853748321533, "n_episodes": 200, "n_neurons_best": 2, "n_conns_best": 34}
{"generation": 11, "best_mean": 1.6649824380874634, "best_std": 2.4501171112060547, "best_max": 4.203101634979248, "best_min": -10.55613899230957, "best_median": 2.3389511108398438, "n_episodes": 200, "n_neurons_best": 2, "n_conns_best": 34}
{"generation": 12, "best_mean": 1.4495922327041626, "best_std": 2.5140111446380615, "best_max": 4.831954479217529, "best_min": -19.07806968688965, "best_median": 2.025178909301758, "n_episodes": 200, "n_neurons_best": 3, "n_conns_best": 31}
{"generation": 13, "best_mean": 1.6586636304855347, "best_std": 2.248232364654541, "best_max": 4.62008810043335, "best_min": -13.19239330291748, "best_median": 2.147383213043213, "n_episodes": 200, "n_neurons_best": 5, "n_conns_best": 35}
{"generation": 14, "best_mean": 1.7382535934448242, "best_std": 1.9050596952438354, "best_max": 4.8518266677856445, "best_min": -11.165054321289062, "best_median": 2.096449851989746, "n_episodes": 200, "n_neurons_best": 5, "n_conns_best": 35}
{"generation": 15, "best_mean": 1.855971336364746, "best_std": 3.011500597000122, "best_max": 5.023443698883057, "best_min": -14.388493537902832, "best_median": 2.7654128074645996, "n_episodes": 200, "n_neurons_best": 8, "n_conns_best": 40}
{"generation": 16, "best_mean": 2.1531009674072266, "best_std": 2.4571568965911865, "best_max": 4.959989070892334, "best_min": -11.388138771057129, "best_median": 2.7681894302368164, "n_episodes": 200, "n_neurons_best": 8, "n_conns_best": 40}
{"generation": 17, "best_mean": 1.8024917840957642, "best_std": 2.3706424236297607, "best_max": 4.69400691986084, "best_min": -12.171724319458008, "best_median": 2.328042984008789, "n_episodes": 200, "n_neurons_best": 7, "n_conns_best": 44}
{"generation": 18, "best_mean": 1.9163460731506348, "best_std": 3.0779500007629395, "best_max": 4.984471321105957, "best_min": -21.560497283935547, "best_median": 2.6756510734558105, "n_episodes": 200, "n_neurons_best": 8, "n_conns_best": 40}
{"generation": 19, "best_mean": 2.6849117279052734, "best_std": 2.5437204837799072, "best_max": 5.005809783935547, "best_min": -21.201499938964844, "best_median": 3.2107045650482178, "n_episodes": 200, "n_neurons_best": 5, "n_conns_best": 34}
{"generation": 20, "best_mean": 2.081268548965454, "best_std": 3.154068946838379, "best_max": 5.045663356781006, "best_min": -25.43988037109375, "best_median": 2.9063735008239746, "n_episodes": 200, "n_neurons_best": 5, "n_conns_best": 34}
{"generation": 21, "best_mean": 2.652768611907959, "best_std": 2.811042070388794, "best_max": 6.069125652313232, "best_min": -24.062652587890625, "best_median": 3.250885248184204, "n_episodes": 200, "n_neurons_best": 5, "n_conns_best": 34}
{"generation": 22, "best_mean": 2.2950387001037598, "best_std": 2.816791534423828, "best_max": 5.284295558929443, "best_min": -19.456899642944336, "best_median": 3.120882034301758, "n_episodes": 200, "n_neurons_best": 5, "n_conns_best": 34}
{"generation": 23, "best_mean": 2.4432449340820312, "best_std": 2.891155242919922, "best_max": 5.614381313323975, "best_min": -21.447158813476562, "best_median": 3.0543723106384277, "n_episodes": 200, "n_neurons_best": 5, "n_conns_best": 35}
{"generation": 24, "best_mean": 3.36201548576355, "best_std": 2.9384899139404297, "best_max": 6.723348617553711, "best_min": -27.236785888671875, "best_median": 3.9480552673339844, "n_episodes": 200, "n_neurons_best": 7, "n_conns_best": 34}
{"generation": 25, "best_mean": 3.2873787879943848, "best_std": 2.2430787086486816, "best_max": 6.8012542724609375, "best_min": -10.070220947265625, "best_median": 3.7646236419677734, "n_episodes": 200, "n_neurons_best": 7, "n_conns_best": 34}
{"generation": 26, "best_mean": 3.2606289386749268, "best_std": 2.879741668701172, "best_max": 6.451204299926758, "best_min": -17.766103744506836, "best_median": 3.9276866912841797, "n_episodes": 200, "n_neurons_best": 5, "n_conns_best": 33}
{"generation": 27, "best_mean": 3.2682077884674072, "best_std": 2.2250051498413086, "best_max": 6.424902439117432, "best_min": -8.607715606689453, "best_median": 3.8289601802825928, "n_episodes": 200, "n_neurons_best": 7, "n_conns_best": 34}
{"generation": 28, "best_mean": 3.3809869289398193, "best_std": 2.5169425010681152, "best_max": 6.1629109382629395, "best_min": -10.789033889770508, "best_median": 4.113828659057617, "n_episodes": 200, "n_neurons_best": 6, "n_conns_best": 30}
{"generation": 29, "best_mean": 3.379549026489258, "best_std": 2.0903849601745605, "best_max": 6.391228675842285, "best_min": -7.539205074310303, "best_median": 3.9732751846313477, "n_episodes": 200, "n_neurons_best": 7, "n_conns_best": 34}
{"generation": 30, "best_mean": 3.7157044410705566, "best_std": 2.030111074447632, "best_max": 6.136541366577148, "best_min": -11.4893217086792, "best_median": 4.119871616363525, "n_episodes": 200, "n_neurons_best": 8, "n_conns_best": 32}
{"generation": 31, "best_mean": 3.7808289527893066, "best_std": 1.8047665357589722, "best_max": 6.660455703735352, "best_min": -6.40668249130249, "best_median": 4.146842002868652, "n_episodes": 200, "n_neurons_best": 2, "n_conns_best": 19}
{"generation": 32, "best_mean": 3.6215686798095703, "best_std": 2.0360960960388184, "best_max": 6.549450397491455, "best_min": -8.375494003295898, "best_median": 4.119044303894043, "n_episodes": 200, "n_neurons_best": 7, "n_conns_best": 30}
{"generation": 33,