{"generation": 0, "fitness_avg": -23.586985881328584, "fitness_std": 7.748034558901018, "fitness_best": -2.6093430519104004, "pop_size": 300, "n_species": 1, "time_elapsed": 1.6599445343017578, "time_elapsed_avg": 1.6599445343017578, "n_extinctions": 0}
{"generation": 1, "fitness_avg": -19.85367213010788, "fitness_std": 11.222295390099621, "fitness_best": -2.0509390830993652, "pop_size": 300, "n_species": 1, "time_elapsed": 1.6260161399841309, "time_elapsed_avg": 1.6429803371429443, "n_extinctions": 0}
{"generation": 2, "fitness_avg": -17.172188450694083, "fitness_std": 12.07385716112528, "fitness_best": -0.6357389092445374, "pop_size": 300, "n_species": 1, "time_elapsed": 1.6403417587280273, "time_elapsed_avg": 1.6421008110046387, "n_extinctions": 0}
{"generation": 3, "fitness_avg": -15.450685337906082, "fitness_std": 10.676339855757792, "fitness_best": -0.0615033283829689, "pop_size": 300, "n_species": 1, "time_elapsed": 1.6418406963348389, "time_elapsed_avg": 1.6420357823371887, "n_extinctions": 0}
{"generation": 4, "fitness_avg": -12.5385514447093, "fitness_std": 9.843495379787841, "fitness_best": -0.1338028907775879, "pop_size": 300, "n_species": 1, "time_elapsed": 1.6485602855682373, "time_elapsed_avg": 1.6433406829833985, "n_extinctions": 0}
{"generation": 5, "fitness_avg": -11.581649284133066, "fitness_std": 12.20600650495348, "fitness_best": 0.8745539784431458, "pop_size": 300, "n_species": 1, "time_elapsed": 1.6931812763214111, "time_elapsed_avg": 1.6516474485397339, "n_extinctions": 0}
{"generation": 6, "fitness_avg": -10.479582091122866, "fitness_std": 9.71249135225315, "fitness_best": 0.8695788383483887, "pop_size": 300, "n_species": 1, "time_elapsed": 1.6455678939819336, "time_elapsed_avg": 1.6507789407457625, "n_extinctions": 0}
{"generation": 7, "fitness_avg": -8.98006162136793, "fitness_std": 8.82205475525723, "fitness_best": 0.501590371131897, "pop_size": 300, "n_species": 1, "time_elapsed": 1.648583173751831, "time_elapsed_avg": 1.650504469871521, "n_extinctions": 0}
{"generation": 8, "fitness_avg": -7.386632617289822, "fitness_std": 8.229911954873375, "fitness_best": 0.9490721225738525, "pop_size": 300, "n_species": 1, "time_elapsed": 1.6551032066345215, "time_elapsed_avg": 1.6510154406229656, "n_extinctions": 0}
{"generation": 9, "fitness_avg": -7.298601043621699, "fitness_std": 8.192261705288026, "fitness_best": 0.8529592156410217, "pop_size": 300, "n_species": 1, "time_elapsed": 1.6499722003936768, "time_elapsed_avg": 1.6509111166000365, "n_extinctions": 0}
{"generation": 10, "fitness_avg": -5.9046088141039945, "fitness_std": 7.477874282370728, "fitness_best": 1.1815348863601685, "pop_size": 300, "n_species": 1, "time_elapsed": 1.6514678001403809, "time_elapsed_avg": 1.650063443183899, "n_extinctions": 0}
{"generation": 11, "fitness_avg": -4.623281321139075, "fitness_std": 7.32317686783247, "fitness_best": 1.6649824380874634, "pop_size": 300, "n_species": 1, "time_elapsed": 1.6490428447723389, "time_elapsed_avg": 1.6523661136627197, "n_extinctions": 0}
{"generation": 12, "fitness_avg": -3.6292791925029206, "fitness_std": 6.528995127163144, "fitness_best": 1.4495922327041626, "pop_size": 300, "n_species": 1, "time_elapsed": 1.6697301864624023, "time_elapsed_avg": 1.6553049564361573, "n_extinctions": 0}
{"generation": 13, "fitness_avg": -3.184883272050259, "fitness_std": 6.539107103471106, "fitness_best": 1.6586636304855347, "pop_size": 300, "n_species": 1, "time_elapsed": 1.6458122730255127, "time_elapsed_avg": 1.6557021141052246, "n_extinctions": 0}
{"generation": 14, "fitness_avg": -2.6121522302832454, "fitness_std": 6.205610652687357, "fitness_best": 1.7382535934448242, "pop_size": 300, "n_species": 1, "time_elapsed": 1.6848671436309814, "time_elapsed_avg": 1.659332799911499, "n_extinctions": 0}
{"generation": 15, "fitness_avg": -2.5944805572430294, "fitness_std": 6.555855178659645, "fitness_best": 1.855971336364746, "pop_size": 300, "n_species": 1, "time_elapsed": 1.655311107635498, "time_elapsed_avg": 1.6555457830429077, "n_extinctions": 0}
{"generation": 16, "fitness_avg": -2.7035287628295674, "fitness_std": 6.742730122683791, "fitness_best": 2.1531009674072266, "pop_size": 300, "n_species": 1, "time_elapsed": 1.7018094062805176, "time_elapsed_avg": 1.6611699342727662, "n_extinctions": 0}
{"generation": 17, "fitness_avg": -2.6306494746834503, "fitness_std": 6.833426292041343, "fitness_best": 1.8024917840957642, "pop_size": 300, "n_species": 1, "time_elapsed": 1.6480038166046143, "time_elapsed_avg": 1.6611119985580445, "n_extinctions": 0}
{"generation": 18, "fitness_avg": -2.220484225211355, "fitness_std": 6.4527371797624165, "fitness_best": 1.9163460731506348, "pop_size": 300, "n_species": 1, "time_elapsed": 1.6576879024505615, "time_elapsed_avg": 1.6613704681396484, "n_extinctions": 0}
{"generation": 19, "fitness_avg": -2.980803630130055, "fitness_std": 7.529480282364847, "fitness_best": 2.6849117279052734, "pop_size": 300, "n_species": 1, "time_elapsed": 1.654557466506958, "time_elapsed_avg": 1.6618289947509766, "n_extinctions": 0}
{"generation": 20, "fitness_avg": -2.1179241496728114, "fitness_std": 6.6943099580749985, "fitness_best": 2.081268548965454, "pop_size": 300, "n_species": 1, "time_elapsed": 1.6534132957458496, "time_elapsed_avg": 1.6620235443115234, "n_extinctions": 0}
{"generation": 21, "fitness_avg": -3.243751268803608, "fitness_std": 8.062747635663307, "fitness_best": 2.652768611907959, "pop_size": 300, "n_species": 1, "time_elapsed": 1.6602354049682617, "time_elapsed_avg": 1.6631428003311157, "n_extinctions": 0}
{"generation": 22, "fitness_avg": -2.9559403547799836, "fitness_std": 7.7070546402727915, "fitness_best": 2.2950387001037598, "pop_size": 300, "n_species": 1, "time_elapsed": 1.663564682006836, "time_elapsed_avg": 1.662526249885559, "n_extinctions": 0}
{"generation": 23, "fitness_avg": -1.8972988523667058, "fitness_std": 6.780122581363206, "fitness_best": 2.4432449340820312, "pop_size": 300, "n_species": 1, "time_elapsed": 1.6544818878173828, "time_elapsed_avg": 1.663393211364746, "n_extinctions": 0}
{"generation": 24, "fitness_avg": -2.4496053204421573, "fitness_std": 7.295986833407137, "fitness_best": 3.36201548576355, "pop_size": 300, "n_species": 1, "time_elapsed": 1.6483063697814941, "time_elapsed_avg": 1.6597371339797973, "n_extinctions": 0}
{"generation": 25, "fitness_avg": -2.788461272722731, "fitness_std": 7.793740901949175, "fitness_best": 3.2873787879943848, "pop_size": 300, "n_species": 1, "time_elapsed": 1.6537206172943115, "time_elapsed_avg": 1.6595780849456787, "n_extinctions": 0}
{"generation": 26, "fitness_avg": -2.002233156512181, "fitness_std": 6.940595702743685, "fitness_best": 3.2606289386749268, "pop_size": 300, "n_species": 2, "time_elapsed": 1.719972848892212, "time_elapsed_avg": 1.661394429206848, "n_extinctions": 0}
{"generation": 27, "fitness_avg": -2.7322190269719187, "fitness_std": 7.529093446491462, "fitness_best": 3.2682077884674072, "pop_size": 300, "n_species": 2, "time_elapsed": 1.708312749862671, "time_elapsed_avg": 1.6674253225326539, "n_extinctions": 0}
{"generation": 28, "fitness_avg": -1.390891987339904, "fitness_std": 6.412606038622518, "fitness_best": 3.3809869289398193, "pop_size": 300, "n_species": 2, "time_elapsed": 1.6607203483581543, "time_elapsed_avg": 1.667728567123413, "n_extinctions": 0}
{"generation": 29, "fitness_avg": -1.7027112601480137, "fitness_std": 6.613867020029504, "fitness_best": 3.379549026489258, "pop_size": 300, "n_species": 2, "time_elapsed": 1.6729419231414795, "time_elapsed_avg": 1.6695670127868651, "n_extinctions": 0}
{"generation": 30, "fitness_avg": -2.057253689728677, "fitness_std": 7.3220023859231835, "fitness_best": 3.7157044410705566, "pop_size": 300, "n_species": 2, "time_elapsed": 1.7290279865264893, "time_elapsed_avg": 1.6771284818649292, "n_extinctions": 0}
{"generation": 31, "fitness_avg": -1.6742615824684617, "fitness_std": 6.77109135322313, "fitness_best": 3.7808289527893066, "pop_size": 300, "n_species": 2,