{
  "config": "give_way_recurrent_200_False_False_False_0.01",
  "total_generations": 50,
  "initial": {
    "fitness_avg": 1.5592589873323839,
    "fitness_std": 1.8342178634682884,
    "fitness_best": 4.314699649810791
  },
  "final": {
    "fitness_avg": 3.9689451287969133,
    "fitness_std": 1.7469714687017879,
    "fitness_best": 6.7610764503479
  },
  "best_ever": {
    "fitness": 6.774923801422119,
    "generation": 33
  },
  "improvement": {
    "avg_improvement": 2.4096861414645296,
    "best_improvement": 2.4463768005371094
  }
}