{"generation": 0, "best_mean": -29.836992263793945, "best_std": 2.0292952060699463, "best_max": -25.41890525817871, "best_min": -37.03068542480469, "best_median": -29.767513275146484, "n_episodes": 200, "n_neurons_best": 2, "n_conns_best": 38}
{"generation": 1, "best_mean": -27.107982635498047, "best_std": 3.6954729557037354, "best_max": -19.882356643676758, "best_min": -43.21516036987305, "best_median": -26.67371368408203, "n_episodes": 200, "n_neurons_best": 2, "n_conns_best": 38}
{"generation": 2, "best_mean": -27.36083221435547, "best_std": 3.6276795864105225, "best_max": -20.570453643798828, "best_min": -42.20987319946289, "best_median": -26.922264099121094, "n_episodes": 200, "n_neurons_best": 2, "n_conns_best": 38}
{"generation": 3, "best_mean": -21.584495544433594, "best_std": 1.9962791204452515, "best_max": -16.170761108398438, "best_min": -26.89418601989746, "best_median": -21.712099075317383, "n_episodes": 200, "n_neurons_best": 2, "n_conns_best": 37}
{"generation": 4, "best_mean": -21.532432556152344, "best_std": 2.1424224376678467, "best_max": -15.094541549682617, "best_min": -27.0194149017334, "best_median": -21.750192642211914, "n_episodes": 200, "n_neurons_best": 2, "n_conns_best": 37}
{"generation": 5, "best_mean": -18.921566009521484, "best_std": 2.3135945796966553, "best_max": -14.190597534179688, "best_min": -26.163171768188477, "best_median": -18.429580688476562, "n_episodes": 200, "n_neurons_best": 5, "n_conns_best": 36}
{"generation": 6, "best_mean": -11.326469421386719, "best_std": 3.2917726039886475, "best_max": -5.418391227722168, "best_min": -19.43898582458496, "best_median": -10.817617416381836, "n_episodes": 200, "n_neurons_best": 5, "n_conns_best": 40}
{"generation": 7, "best_mean": -11.318083763122559, "best_std": 2.9205501079559326, "best_max": -5.484325885772705, "best_min": -23.737873077392578, "best_median": -11.152608871459961, "n_episodes": 200, "n_neurons_best": 5, "n_conns_best": 40}
{"generation": 8, "best_mean": -11.457843780517578, "best_std": 3.040107488632202, "best_max": -5.763940811157227, "best_min": -21.290897369384766, "best_median": -11.36548137664795, "n_episodes": 200, "n_neurons_best": 5, "n_conns_best": 40}
{"generation": 9, "best_mean": -11.328547477722168, "best_std": 3.2523279190063477, "best_max": -5.188883304595947, "best_min": -21.644107818603516, "best_median": -11.433022499084473, "n_episodes": 200, "n_neurons_best": 5, "n_conns_best": 40}
{"generation": 10, "best_mean": -11.309748649597168, "best_std": 2.9312899112701416, "best_max": -5.408633232116699, "best_min": -19.491262435913086, "best_median": -11.178796768188477, "n_episodes": 200, "n_neurons_best": 5, "n_conns_best": 40}
{"generation": 11, "best_mean": -11.311994552612305, "best_std": 3.041945457458496, "best_max": -5.536681175231934, "best_min": -21.151742935180664, "best_median": -11.189752578735352, "n_episodes": 200, "n_neurons_best": 5, "n_conns_best": 40}
{"generation": 12, "best_mean": -11.618900299072266, "best_std": 2.9713215827941895, "best_max": -4.9113311767578125, "best_min": -22.282236099243164, "best_median": -11.184375762939453, "n_episodes": 200, "n_neurons_best": 5, "n_conns_best": 40}
{"generation": 13, "best_mean": -11.563617706298828, "best_std": 3.0801777839660645, "best_max": -5.534048080444336, "best_min": -20.78033447265625, "best_median": -11.318153381347656, "n_episodes": 200, "n_neurons_best": 5, "n_conns_best": 40}
{"generation": 14, "best_mean": -11.783661842346191, "best_std": 3.431112051010132, "best_max": -5.935732364654541, "best_min": -29.676790237426758, "best_median": -11.51361083984375, "n_episodes": 200, "n_neurons_best": 5, "n_conns_best": 40}
{"generation": 15, "best_mean": -11.425288200378418, "best_std": 3.0178184509277344, "best_max": -5.00457239151001, "best_min": -20.818967819213867, "best_median": -11.250242233276367, "n_episodes": 200, "n_neurons_best": 5, "n_conns_best": 40}
{"generation": 16, "best_mean": -11.061720848083496, "best_std": 3.0612072944641113, "best_max": -5.342766761779785, "best_min": -27.081674575805664, "best_median": -10.69891357421875, "n_episodes": 200, "n_neurons_best": 5, "n_conns_best": 40}
{"generation": 17, "best_mean": -11.598278045654297, "best_std": 3.0833189487457275, "best_max": -5.604598045349121, "best_min": -20.322172164916992, "best_median": -11.220901489257812, "n_episodes": 200, "n_neurons_best": 5, "n_conns_best": 40}
{"generation": 18, "best_mean": -11.546152114868164, "best_std": 2.952285051345825, "best_max": -4.7502360343933105, "best_min": -20.968873977661133, "best_median": -11.364554405212402, "n_episodes": 200, "n_neurons_best": 5, "n_conns_best": 40}
{"generation": 19, "best_mean": -11.364228248596191, "best_std": 3.159128427505493, "best_max": -5.206647872924805, "best_min": -24.872329711914062, "best_median": -10.77345085144043, "n_episodes": 200, "n_neurons_best": 5, "n_conns_best": 40}
{"generation": 20, "best_mean": -11.369062423706055, "best_std": 2.882493019104004, "best_max": -5.985963821411133, "best_min": -21.488544464111328, "best_median": -11.07406997680664, "n_episodes": 200, "n_neurons_best": 5, "n_conns_best": 40}
{"generation": 21, "best_mean": -11.383502960205078, "best_std": 2.4840269088745117, "best_max": -6.86378812789917, "best_min": -22.928354263305664, "best_median": -11.258962631225586, "n_episodes": 200, "n_neurons_best": 5, "n_conns_best": 40}
{"generation": 22, "best_mean": -11.16903305053711, "best_std": 2.3838770389556885, "best_max": -6.626009941101074, "best_min": -18.01011085510254, "best_median": -10.796419143676758, "n_episodes": 200, "n_neurons_best": 5, "n_conns_best": 40}
{"generation": 23, "best_mean": -11.215302467346191, "best_std": 3.0700764656066895, "best_max": -5.3546366691589355, "best_min": -21.493513107299805, "best_median": -10.771047592163086, "n_episodes": 200, "n_neurons_best": 2, "n_conns_best": 34}
{"generation": 24, "best_mean": -11.375469207763672, "best_std": 2.5436995029449463, "best_max": -6.153539180755615, "best_min": -18.510705947875977, "best_median": -11.32079029083252, "n_episodes": 200, "n_neurons_best": 2, "n_conns_best": 34}
{"generation": 25, "best_mean": -11.178279876708984, "best_std": 2.9996955394744873, "best_max": -6.040224552154541, "best_min": -21.609487533569336, "best_median": -10.87574577331543, "n_episodes": 200, "n_neurons_best": 2, "n_conns_best": 34}
{"generation": 26, "best_mean": -10.96947956085205, "best_std": 2.4473352432250977, "best_max": -5.901754856109619, "best_min": -18.98453712463379, "best_median": -10.681266784667969, "n_episodes": 200, "n_neurons_best": 5, "n_conns_best": 40}
{"generation": 27, "best_mean": -10.994487762451172, "best_std": 2.2945609092712402, "best_max": -7.2737135887146, "best_min": -23.378040313720703, "best_median": -10.582159042358398, "n_episodes": 200, "n_neurons_best": 8, "n_conns_best": 42}
{"generation": 28, "best_mean": -10.87483024597168, "best_std": 2.2543911933898926, "best_max": -6.571240425109863, "best_min": -20.079545974731445, "best_median": -10.710224151611328, "n_episodes": 200, "n_neurons_best": 8, "n_conns_best": 42}
{"generation": 29, "best_mean": -10.794534683227539, "best_std": 2.7590737342834473, "best_max": -5.379912376403809, "best_min": -21.059829711914062, "best_median": -10.508535385131836, "n_episodes": 200, "n_neurons_best": 2, "n_conns_best": 34}
{"generation": 30, "best_mean": -10.864557266235352, "best_std": 2.8250041007995605, "best_max": -5.619609832763672, "best_min": -19.031723022460938, "best_median": -10.585053443908691, "n_episodes": 200, "n_neurons_best": 2, "n_conns_best": 34}
{"generation": 31, "best_mean": -10.897165298461914, "best_std": 2.1623916625976562, "best_max": -7.443172454833984, "best_min": -19.250192642211914, "best_median": -10.619991302490234, "n_episodes": 200, "n_neurons_best": 8, "n_conns_best": 42}
{"generation": 32, "best_mean": -10.994941711425781, "best_std": 2.183178424835205, "best_max": -7.125164031982422, "best_min": -20.859642028808594,