{"generation": 0, "fitness_avg": -391.7822663434346, "fitness_std": 182.7466349715919, "fitness_best": -29.836992263793945, "pop_size": 300, "n_species": 1, "time_elapsed": 4.316812038421631, "time_elapsed_avg": 4.316812038421631, "n_extinctions": 0}
{"generation": 1, "fitness_avg": -241.9358594449361, "fitness_std": 178.24441341331385, "fitness_best": -27.107982635498047, "pop_size": 300, "n_species": 1, "time_elapsed": 4.290053367614746, "time_elapsed_avg": 4.3034327030181885, "n_extinctions": 0}
{"generation": 2, "fitness_avg": -184.07515518188475, "fitness_std": 155.41407578653468, "fitness_best": -27.36083221435547, "pop_size": 300, "n_species": 1, "time_elapsed": 4.314207553863525, "time_elapsed_avg": 4.307024319966634, "n_extinctions": 0}
{"generation": 3, "fitness_avg": -160.24495653788247, "fitness_std": 159.02791077138005, "fitness_best": -21.584495544433594, "pop_size": 300, "n_species": 1, "time_elapsed": 4.307638645172119, "time_elapsed_avg": 4.307177901268005, "n_extinctions": 0}
{"generation": 4, "fitness_avg": -137.41975833892823, "fitness_std": 146.67620475502326, "fitness_best": -21.532432556152344, "pop_size": 300, "n_species": 1, "time_elapsed": 4.329939126968384, "time_elapsed_avg": 4.311730146408081, "n_extinctions": 0}
{"generation": 5, "fitness_avg": -131.09060946146647, "fitness_std": 141.07917542462738, "fitness_best": -18.921566009521484, "pop_size": 300, "n_species": 1, "time_elapsed": 4.342686891555786, "time_elapsed_avg": 4.316889603932698, "n_extinctions": 0}
{"generation": 6, "fitness_avg": -112.1146034526825, "fitness_std": 127.6510282098346, "fitness_best": -11.326469421386719, "pop_size": 300, "n_species": 1, "time_elapsed": 4.339550018310547, "time_elapsed_avg": 4.320126805986677, "n_extinctions": 0}
{"generation": 7, "fitness_avg": -105.01928446133931, "fitness_std": 127.47133368305506, "fitness_best": -11.318083763122559, "pop_size": 300, "n_species": 1, "time_elapsed": 4.309166431427002, "time_elapsed_avg": 4.3187567591667175, "n_extinctions": 0}
{"generation": 8, "fitness_avg": -100.71150689760844, "fitness_std": 115.39180439260383, "fitness_best": -11.457843780517578, "pop_size": 300, "n_species": 1, "time_elapsed": 4.378244876861572, "time_elapsed_avg": 4.325366550021702, "n_extinctions": 0}
{"generation": 9, "fitness_avg": -91.88342421849569, "fitness_std": 109.8608675928259, "fitness_best": -11.328547477722168, "pop_size": 300, "n_species": 1, "time_elapsed": 4.312273740768433, "time_elapsed_avg": 4.324057269096374, "n_extinctions": 0}
{"generation": 10, "fitness_avg": -93.06488978068033, "fitness_std": 112.07318751852661, "fitness_best": -11.309748649597168, "pop_size": 300, "n_species": 1, "time_elapsed": 4.358173131942749, "time_elapsed_avg": 4.3281933784484865, "n_extinctions": 0}
{"generation": 11, "fitness_avg": -94.99915672620138, "fitness_std": 113.10984260996183, "fitness_best": -11.311994552612305, "pop_size": 300, "n_species": 1, "time_elapsed": 4.464449644088745, "time_elapsed_avg": 4.345633006095886, "n_extinctions": 0}
{"generation": 12, "fitness_avg": -87.71316981315613, "fitness_std": 106.11030467568115, "fitness_best": -11.618900299072266, "pop_size": 300, "n_species": 1, "time_elapsed": 4.313685178756714, "time_elapsed_avg": 4.345580768585205, "n_extinctions": 0}
{"generation": 13, "fitness_avg": -85.69426265398661, "fitness_std": 109.04346661500226, "fitness_best": -11.563617706298828, "pop_size": 300, "n_species": 1, "time_elapsed": 4.303294897079468, "time_elapsed_avg": 4.34514639377594, "n_extinctions": 0}
{"generation": 14, "fitness_avg": -82.89248798370362, "fitness_std": 106.63703521349714, "fitness_best": -11.783661842346191, "pop_size": 300, "n_species": 1, "time_elapsed": 4.312211275100708, "time_elapsed_avg": 4.3433736085891725, "n_extinctions": 0}
{"generation": 15, "fitness_avg": -80.74369403203329, "fitness_std": 106.01876613734359, "fitness_best": -11.425288200378418, "pop_size": 300, "n_species": 1, "time_elapsed": 4.349121809005737, "time_elapsed_avg": 4.344017100334168, "n_extinctions": 0}
{"generation": 16, "fitness_avg": -74.44578696568807, "fitness_std": 96.76946077947296, "fitness_best": -11.061720848083496, "pop_size": 300, "n_species": 1, "time_elapsed": 4.363680362701416, "time_elapsed_avg": 4.346430134773255, "n_extinctions": 0}
{"generation": 17, "fitness_avg": -71.95422056833903, "fitness_std": 93.607441709325, "fitness_best": -11.598278045654297, "pop_size": 300, "n_species": 1, "time_elapsed": 4.335739374160767, "time_elapsed_avg": 4.349087429046631, "n_extinctions": 0}
{"generation": 18, "fitness_avg": -66.58030419985454, "fitness_std": 89.46153878258237, "fitness_best": -11.546152114868164, "pop_size": 300, "n_species": 1, "time_elapsed": 4.323419570922852, "time_elapsed_avg": 4.343604898452758, "n_extinctions": 0}
{"generation": 19, "fitness_avg": -56.97112883249918, "fitness_std": 74.54514067334078, "fitness_best": -11.364228248596191, "pop_size": 300, "n_species": 1, "time_elapsed": 4.370473384857178, "time_elapsed_avg": 4.349424862861634, "n_extinctions": 0}
{"generation": 20, "fitness_avg": -62.75747568766276, "fitness_std": 78.64546986976197, "fitness_best": -11.369062423706055, "pop_size": 300, "n_species": 1, "time_elapsed": 4.357802152633667, "time_elapsed_avg": 4.349387764930725, "n_extinctions": 0}
{"generation": 21, "fitness_avg": -65.87615314165751, "fitness_std": 90.6916487340186, "fitness_best": -11.383502960205078, "pop_size": 300, "n_species": 1, "time_elapsed": 4.387608289718628, "time_elapsed_avg": 4.341703629493713, "n_extinctions": 0}
{"generation": 22, "fitness_avg": -48.38306045850118, "fitness_std": 60.6335067984808, "fitness_best": -11.16903305053711, "pop_size": 300, "n_species": 1, "time_elapsed": 4.426492929458618, "time_elapsed_avg": 4.3529844045639035, "n_extinctions": 0}
{"generation": 23, "fitness_avg": -53.36230315208435, "fitness_std": 68.8568356392392, "fitness_best": -11.215302467346191, "pop_size": 300, "n_species": 1, "time_elapsed": 4.4303669929504395, "time_elapsed_avg": 4.365691614151001, "n_extinctions": 0}
{"generation": 24, "fitness_avg": -52.419001728693644, "fitness_std": 68.38822080948619, "fitness_best": -11.375469207763672, "pop_size": 300, "n_species": 1, "time_elapsed": 4.357027769088745, "time_elapsed_avg": 4.3701732635498045, "n_extinctions": 0}
{"generation": 25, "fitness_avg": -52.78059913635254, "fitness_std": 73.9785999627745, "fitness_best": -11.178279876708984, "pop_size": 300, "n_species": 1, "time_elapsed": 4.4216859340667725, "time_elapsed_avg": 4.377429676055908, "n_extinctions": 0}
{"generation": 26, "fitness_avg": -50.9696722984314, "fitness_std": 66.48856118979917, "fitness_best": -10.96947956085205, "pop_size": 300, "n_species": 1, "time_elapsed": 4.332353830337524, "time_elapsed_avg": 4.374297022819519, "n_extinctions": 0}
{"generation": 27, "fitness_avg": -45.59608714739482, "fitness_std": 58.043868028006344, "fitness_best": -10.994487762451172, "pop_size": 300, "n_species": 1, "time_elapsed": 4.313939094543457, "time_elapsed_avg": 4.372116994857788, "n_extinctions": 0}
{"generation": 28, "fitness_avg": -48.98974396069845, "fitness_std": 64.12384566064146, "fitness_best": -10.87483024597168, "pop_size": 300, "n_species": 1, "time_elapsed": 4.31192946434021, "time_elapsed_avg": 4.370967984199524, "n_extinctions": 0}
{"generation": 29, "fitness_avg": -49.680702470143636, "fitness_std": 69.32013348906902, "fitness_best": -10.794534683227539, "pop_size": 300, "n_species": 1, "time_elapsed": 4.308561325073242, "time_elapsed_avg": 4.36477677822113, "n_extinctions": 0}
{"generation": 30, "fitness_avg": -45.42494795481364, "fitness_std": 61.49796913600033, "fitness_best": -10.864557266235352, "pop_size": 300, "n_species": 1, "time_elapsed": 4.3397605419158936, "time_elapsed_avg": 4.362972617149353, "n_extinctions": 0}
{"generation": 31, "fitness_avg": -50.25040078163147, "fitness_std": 66.89428010695813, "fitness_best": -10.897165298461914, "pop_size": 300, "n_species": 1,