{"generation": 0, "best_mean": 4.314699649810791, "best_std": 0.04877685010433197, "best_max": 4.432374954223633, "best_min": 4.239684104919434, "best_median": 4.295053005218506, "n_episodes": 200, "n_neurons_best": 2, "n_conns_best": 10}
{"generation": 1, "best_mean": 5.146556854248047, "best_std": 0.005422092974185944, "best_max": 5.159862041473389, "best_min": 5.130368232727051, "best_median": 5.146320343017578, "n_episodes": 200, "n_neurons_best": 3, "n_conns_best": 11}
{"generation": 2, "best_mean": 5.153641223907471, "best_std": 0.005736187100410461, "best_max": 5.167788505554199, "best_min": 5.138444900512695, "best_median": 5.153104305267334, "n_episodes": 200, "n_neurons_best": 3, "n_conns_best": 11}
{"generation": 3, "best_mean": 5.165491104125977, "best_std": 0.005347490310668945, "best_max": 5.179593086242676, "best_min": 5.147994041442871, "best_median": 5.1650390625, "n_episodes": 200, "n_neurons_best": 3, "n_conns_best": 11}
{"generation": 4, "best_mean": 5.353577136993408, "best_std": 0.060922782868146896, "best_max": 5.4823899269104, "best_min": 5.246744155883789, "best_median": 5.333283424377441, "n_episodes": 200, "n_neurons_best": 4, "n_conns_best": 11}
{"generation": 5, "best_mean": 5.474232196807861, "best_std": 0.03646251931786537, "best_max": 5.611437797546387, "best_min": 5.324014663696289, "best_median": 5.478898048400879, "n_episodes": 200, "n_neurons_best": 4, "n_conns_best": 11}
{"generation": 6, "best_mean": 5.490339756011963, "best_std": 0.036668770015239716, "best_max": 5.59511661529541, "best_min": 5.331032752990723, "best_median": 5.485562324523926, "n_episodes": 200, "n_neurons_best": 4, "n_conns_best": 11}
{"generation": 7, "best_mean": 5.947827339172363, "best_std": 0.050348177552223206, "best_max": 6.034707069396973, "best_min": 5.803204536437988, "best_median": 5.955151557922363, "n_episodes": 200, "n_neurons_best": 2, "n_conns_best": 3}
{"generation": 8, "best_mean": 6.030824184417725, "best_std": 0.029029598459601402, "best_max": 6.0816426277160645, "best_min": 5.945967674255371, "best_median": 6.0366106033325195, "n_episodes": 200, "n_neurons_best": 4, "n_conns_best": 7}
{"generation": 9, "best_mean": 6.039705753326416, "best_std": 0.023498745635151863, "best_max": 6.087330341339111, "best_min": 5.949750900268555, "best_median": 6.044905662536621, "n_episodes": 200, "n_neurons_best": 4, "n_conns_best": 7}
{"generation": 10, "best_mean": 6.24509334564209, "best_std": 0.029837271198630333, "best_max": 6.304396629333496, "best_min": 6.141883850097656, "best_median": 6.252080917358398, "n_episodes": 200, "n_neurons_best": 3, "n_conns_best": 6}
{"generation": 11, "best_mean": 6.209352970123291, "best_std": 0.05151859670877457, "best_max": 6.322233200073242, "best_min": 6.071277618408203, "best_median": 6.213105201721191, "n_episodes": 200, "n_neurons_best": 3, "n_conns_best": 6}
{"generation": 12, "best_mean": 6.164719104766846, "best_std": 0.036452896893024445, "best_max": 6.278099536895752, "best_min": 6.089654922485352, "best_median": 6.157238006591797, "n_episodes": 200, "n_neurons_best": 3, "n_conns_best": 6}
{"generation": 13, "best_mean": 6.185471057891846, "best_std": 0.04087790101766586, "best_max": 6.26934814453125, "best_min": 6.0940070152282715, "best_median": 6.175113677978516, "n_episodes": 200, "n_neurons_best": 3, "n_conns_best": 6}
{"generation": 14, "best_mean": 6.282192230224609, "best_std": 0.028916915878653526, "best_max": 6.350178241729736, "best_min": 6.177509307861328, "best_median": 6.284085273742676, "n_episodes": 200, "n_neurons_best": 3, "n_conns_best": 5}
{"generation": 15, "best_mean": 6.275230884552002, "best_std": 0.031412433832883835, "best_max": 6.348520278930664, "best_min": 6.182608127593994, "best_median": 6.277355670928955, "n_episodes": 200, "n_neurons_best": 3, "n_conns_best": 5}
{"generation": 16, "best_mean": 6.259443283081055, "best_std": 0.04431909695267677, "best_max": 6.362468242645264, "best_min": 6.154512882232666, "best_median": 6.255537986755371, "n_episodes": 200, "n_neurons_best": 3, "n_conns_best": 5}
{"generation": 17, "best_mean": 6.245212554931641, "best_std": 0.03152255341410637, "best_max": 6.3190083503723145, "best_min": 6.161856651306152, "best_median": 6.243926525115967, "n_episodes": 200, "n_neurons_best": 3, "n_conns_best": 5}
{"generation": 18, "best_mean": 6.252378940582275, "best_std": 0.040561024099588394, "best_max": 6.353294849395752, "best_min": 6.148232460021973, "best_median": 6.252072334289551, "n_episodes": 200, "n_neurons_best": 3, "n_conns_best": 5}
{"generation": 19, "best_mean": 6.258851528167725, "best_std": 0.03951222449541092, "best_max": 6.358761787414551, "best_min": 6.148703098297119, "best_median": 6.255659103393555, "n_episodes": 200, "n_neurons_best": 3, "n_conns_best": 5}
{"generation": 20, "best_mean": 6.259681224822998, "best_std": 0.030649634078145027, "best_max": 6.343208312988281, "best_min": 6.186396598815918, "best_median": 6.261009216308594, "n_episodes": 200, "n_neurons_best": 3, "n_conns_best": 5}
{"generation": 21, "best_mean": 6.245335578918457, "best_std": 0.04041898250579834, "best_max": 6.347731113433838, "best_min": 6.139412879943848, "best_median": 6.24552059173584, "n_episodes": 200, "n_neurons_best": 3, "n_conns_best": 5}
{"generation": 22, "best_mean": 6.235223293304443, "best_std": 0.02949606254696846, "best_max": 6.322839260101318, "best_min": 6.176623344421387, "best_median": 6.233100891113281, "n_episodes": 200, "n_neurons_best": 3, "n_conns_best": 5}
{"generation": 23, "best_mean": 6.500762939453125, "best_std": 0.017398782074451447, "best_max": 6.540009021759033, "best_min": 6.4615607261657715, "best_median": 6.501523017883301, "n_episodes": 200, "n_neurons_best": 3, "n_conns_best": 7}
{"generation": 24, "best_mean": 6.481903553009033, "best_std": 0.020180823281407356, "best_max": 6.533431053161621, "best_min": 6.427164077758789, "best_median": 6.483716011047363, "n_episodes": 200, "n_neurons_best": 3, "n_conns_best": 7}
{"generation": 25, "best_mean": 6.464154243469238, "best_std": 0.018494432792067528, "best_max": 6.511204242706299, "best_min": 6.428134441375732, "best_median": 6.4617156982421875, "n_episodes": 200, "n_neurons_best": 3, "n_conns_best": 7}
{"generation": 26, "best_mean": 6.473295211791992, "best_std": 0.018888071179389954, "best_max": 6.528672695159912, "best_min": 6.425592422485352, "best_median": 6.473153114318848, "n_episodes": 200, "n_neurons_best": 3, "n_conns_best": 7}
{"generation": 27, "best_mean": 6.513901233673096, "best_std": 0.014762834645807743, "best_max": 6.547717094421387, "best_min": 6.464835166931152, "best_median": 6.5138959884643555, "n_episodes": 200, "n_neurons_best": 3, "n_conns_best": 7}
{"generation": 28, "best_mean": 6.492074012756348, "best_std": 0.01923108845949173, "best_max": 6.557194232940674, "best_min": 6.44485330581665, "best_median": 6.492863655090332, "n_episodes": 200, "n_neurons_best": 3, "n_conns_best": 7}
{"generation": 29, "best_mean": 6.5237956047058105, "best_std": 0.013033106923103333, "best_max": 6.554661273956299, "best_min": 6.47353982925415, "best_median": 6.524904251098633, "n_episodes": 200, "n_neurons_best": 3, "n_conns_best": 7}
{"generation": 30, "best_mean": 6.756155014038086, "best_std": 0.04267160966992378, "best_max": 6.852515697479248, "best_min": 6.610806941986084, "best_median": 6.758191108703613, "n_episodes": 200, "n_neurons_best": 4, "n_conns_best": 10}
{"generation": 31, "best_mean": 6.769014835357666, "best_std": 0.05460631102323532, "best_max": 6.843029499053955, "best_min": 6.603580474853516, "best_median": 6.786513328552246, "n_episodes": 200, "n_neurons_best": 4, "n_conns_best": 10}
{"generation": 32, "best_mean": 6.744327545166016, "best_std": 0.02558753825724125, "best_max": 6.826690196990967, "best_min": 6.682519435882568, "best_median": 6.7432661056518555, "n_episodes": 200, "n_neurons_best": 4, "n_conns_best": 10}
{"generation": 33, "best_mean": 6.774923801422119, "best_std": 0.0364573709666729,