{"generation": 0, "fitness_avg": 1.5592589873323839, "fitness_std": 1.8342178634682884, "fitness_best": 4.314699649810791, "pop_size": 300, "n_species": 1, "time_elapsed": 5.471768140792847, "time_elapsed_avg": 5.471768140792847, "n_extinctions": 0}
{"generation": 1, "fitness_avg": 2.9470021463930607, "fitness_std": 1.3638980947893034, "fitness_best": 5.146556854248047, "pop_size": 300, "n_species": 1, "time_elapsed": 5.274481773376465, "time_elapsed_avg": 5.373124957084656, "n_extinctions": 0}
{"generation": 2, "fitness_avg": 3.0946571026245753, "fitness_std": 1.2624373858373517, "fitness_best": 5.153641223907471, "pop_size": 300, "n_species": 1, "time_elapsed": 5.275353670120239, "time_elapsed_avg": 5.340534528096517, "n_extinctions": 0}
{"generation": 3, "fitness_avg": 3.2470848566293715, "fitness_std": 1.325167117921353, "fitness_best": 5.165491104125977, "pop_size": 300, "n_species": 1, "time_elapsed": 5.336787939071655, "time_elapsed_avg": 5.3395978808403015, "n_extinctions": 0}
{"generation": 4, "fitness_avg": 3.0923603264490764, "fitness_std": 1.5136114516148556, "fitness_best": 5.353577136993408, "pop_size": 300, "n_species": 1, "time_elapsed": 5.267935276031494, "time_elapsed_avg": 5.32526535987854, "n_extinctions": 0}
{"generation": 5, "fitness_avg": 3.13036562760671, "fitness_std": 1.6142001144773204, "fitness_best": 5.474232196807861, "pop_size": 300, "n_species": 1, "time_elapsed": 5.288237810134888, "time_elapsed_avg": 5.319094101587932, "n_extinctions": 0}
{"generation": 6, "fitness_avg": 3.3749812904993695, "fitness_std": 1.5343015578551005, "fitness_best": 5.490339756011963, "pop_size": 300, "n_species": 1, "time_elapsed": 5.271792888641357, "time_elapsed_avg": 5.312336785452707, "n_extinctions": 0}
{"generation": 7, "fitness_avg": 3.3604089268141735, "fitness_std": 1.703745461816327, "fitness_best": 5.947827339172363, "pop_size": 300, "n_species": 1, "time_elapsed": 5.284047842025757, "time_elapsed_avg": 5.308800667524338, "n_extinctions": 0}
{"generation": 8, "fitness_avg": 3.1751415611058476, "fitness_std": 1.79994012857371, "fitness_best": 6.030824184417725, "pop_size": 300, "n_species": 1, "time_elapsed": 5.285605192184448, "time_elapsed_avg": 5.306223392486572, "n_extinctions": 0}
{"generation": 9, "fitness_avg": 3.2495737208255258, "fitness_std": 1.732371013744295, "fitness_best": 6.039705753326416, "pop_size": 300, "n_species": 1, "time_elapsed": 5.2815260887146, "time_elapsed_avg": 5.303753662109375, "n_extinctions": 0}
{"generation": 10, "fitness_avg": 3.2249768092669546, "fitness_std": 1.755564977849484, "fitness_best": 6.24509334564209, "pop_size": 300, "n_species": 1, "time_elapsed": 5.295380592346191, "time_elapsed_avg": 5.286114907264709, "n_extinctions": 0}
{"generation": 11, "fitness_avg": 3.391439272515475, "fitness_std": 1.7542983066853384, "fitness_best": 6.209352970123291, "pop_size": 300, "n_species": 1, "time_elapsed": 6.75140643119812, "time_elapsed_avg": 5.433807373046875, "n_extinctions": 0}
{"generation": 12, "fitness_avg": 3.330807244759053, "fitness_std": 1.7562180882488454, "fitness_best": 6.164719104766846, "pop_size": 300, "n_species": 1, "time_elapsed": 8.842766761779785, "time_elapsed_avg": 5.79054868221283, "n_extinctions": 0}
{"generation": 13, "fitness_avg": 3.5418569803237916, "fitness_std": 1.5961305392059795, "fitness_best": 6.185471057891846, "pop_size": 300, "n_species": 1, "time_elapsed": 6.181593179702759, "time_elapsed_avg": 5.87502920627594, "n_extinctions": 0}
{"generation": 14, "fitness_avg": 3.5813003733800723, "fitness_std": 1.5775027050188712, "fitness_best": 6.282192230224609, "pop_size": 300, "n_species": 2, "time_elapsed": 5.218290567398071, "time_elapsed_avg": 5.870064735412598, "n_extinctions": 0}
{"generation": 15, "fitness_avg": 3.613770741776874, "fitness_std": 1.606882185272726, "fitness_best": 6.275230884552002, "pop_size": 300, "n_species": 2, "time_elapsed": 7.060119152069092, "time_elapsed_avg": 6.047252869606018, "n_extinctions": 0}
{"generation": 16, "fitness_avg": 3.791678471020593, "fitness_std": 1.6059614442987742, "fitness_best": 6.259443283081055, "pop_size": 300, "n_species": 2, "time_elapsed": 8.684299945831299, "time_elapsed_avg": 6.388503575325013, "n_extinctions": 0}
{"generation": 17, "fitness_avg": 3.8963608203331628, "fitness_std": 1.5477976879794326, "fitness_best": 6.245212554931641, "pop_size": 300, "n_species": 2, "time_elapsed": 5.984738349914551, "time_elapsed_avg": 6.458572626113892, "n_extinctions": 0}
{"generation": 18, "fitness_avg": 3.8198167922258532, "fitness_std": 1.676527450912047, "fitness_best": 6.252378940582275, "pop_size": 300, "n_species": 2, "time_elapsed": 5.240294456481934, "time_elapsed_avg": 6.45404155254364, "n_extinctions": 0}
{"generation": 19, "fitness_avg": 3.837639447002633, "fitness_std": 1.7175473054851433, "fitness_best": 6.258851528167725, "pop_size": 300, "n_species": 2, "time_elapsed": 5.273231267929077, "time_elapsed_avg": 6.453212070465088, "n_extinctions": 0}
{"generation": 20, "fitness_avg": 3.7685752150655025, "fitness_std": 1.6819115331050272, "fitness_best": 6.259681224822998, "pop_size": 300, "n_species": 2, "time_elapsed": 5.250225305557251, "time_elapsed_avg": 6.448696541786194, "n_extinctions": 0}
{"generation": 21, "fitness_avg": 3.9412580491493765, "fitness_std": 1.4852115966088453, "fitness_best": 6.245335578918457, "pop_size": 300, "n_species": 2, "time_elapsed": 5.23861837387085, "time_elapsed_avg": 6.297417736053466, "n_extinctions": 0}
{"generation": 22, "fitness_avg": 3.950298505719208, "fitness_std": 1.5276372703118386, "fitness_best": 6.235223293304443, "pop_size": 300, "n_species": 2, "time_elapsed": 5.266557693481445, "time_elapsed_avg": 5.939796829223633, "n_extinctions": 0}
{"generation": 23, "fitness_avg": 4.039374885211388, "fitness_std": 1.462821551767377, "fitness_best": 6.500762939453125, "pop_size": 300, "n_species": 2, "time_elapsed": 5.237498760223389, "time_elapsed_avg": 5.845387387275696, "n_extinctions": 0}
{"generation": 24, "fitness_avg": 4.085502153163155, "fitness_std": 1.4835588468640915, "fitness_best": 6.481903553009033, "pop_size": 300, "n_species": 2, "time_elapsed": 5.244073390960693, "time_elapsed_avg": 5.847965669631958, "n_extinctions": 0}
{"generation": 25, "fitness_avg": 4.148328951855461, "fitness_std": 1.5471017435063523, "fitness_best": 6.464154243469238, "pop_size": 300, "n_species": 2, "time_elapsed": 6.235825061798096, "time_elapsed_avg": 5.765536260604859, "n_extinctions": 0}
{"generation": 26, "fitness_avg": 4.248748770317179, "fitness_std": 1.4869993946470659, "fitness_best": 6.473295211791992, "pop_size": 300, "n_species": 2, "time_elapsed": 8.839215993881226, "time_elapsed_avg": 5.781027865409851, "n_extinctions": 0}
{"generation": 27, "fitness_avg": 3.9655006825606205, "fitness_std": 1.6027048860629105, "fitness_best": 6.513901233673096, "pop_size": 300, "n_species": 2, "time_elapsed": 7.7386393547058105, "time_elapsed_avg": 5.956417965888977, "n_extinctions": 0}
{"generation": 28, "fitness_avg": 4.035096309927079, "fitness_std": 1.4155617147254818, "fitness_best": 6.492074012756348, "pop_size": 300, "n_species": 2, "time_elapsed": 5.268871545791626, "time_elapsed_avg": 5.9592756748199465, "n_extinctions": 0}
{"generation": 29, "fitness_avg": 4.146254244891461, "fitness_std": 1.4472022893193128, "fitness_best": 6.5237956047058105, "pop_size": 300, "n_species": 2, "time_elapsed": 5.2665886878967285, "time_elapsed_avg": 5.958611416816711, "n_extinctions": 0}
{"generation": 30, "fitness_avg": 4.125295044144247, "fitness_std": 1.5466666854880824, "fitness_best": 6.756155014038086, "pop_size": 300, "n_species": 2, "time_elapsed": 5.297827482223511, "time_elapsed_avg": 5.963371634483337, "n_extinctions": 0}
{"generation": 31, "fitness_avg": 3.8800356775305893, "fitness_std": 1.727246235647527, "fitness_best": 6.769014835357666, "pop_size": 300, "n_species": 2, "time_elapsed": 5.357544183731079, "time_elapsed_avg": 5.975264215469361,