{
  "config": "flocking_recurrent_200_5_0_-0.1_True",
  "total_generations": 50,
  "initial": {
    "fitness_avg": -391.7822663434346,
    "fitness_std": 182.7466349715919,
    "fitness_best": -29.836992263793945
  },
  "final": {
    "fitness_avg": -43.24373617172241,
    "fitness_std": 55.01577703586698,
    "fitness_best": -10.804983139038086
  },
  "best_ever": {
    "fitness": -10.523165702819824,
    "generation": 45
  },
  "improvement": {
    "avg_improvement": 348.53853017171224,
    "best_improvement": 19.03200912475586
  }
}