{"generation": 0, "best_mean": -66.91547393798828, "best_std": 8.120074272155762, "best_max": -47.82040786743164, "best_min": -96.50188446044922, "best_median": -66.46926879882812, "n_episodes": 200, "n_neurons_best": 2, "n_conns_best": 38}
{"generation": 1, "best_mean": -43.88401412963867, "best_std": 2.967264175415039, "best_max": -35.102691650390625, "best_min": -50.373565673828125, "best_median": -43.673797607421875, "n_episodes": 200, "n_neurons_best": 3, "n_conns_best": 38}
{"generation": 2, "best_mean": -42.0792121887207, "best_std": 6.803254127502441, "best_max": -29.944124221801758, "best_min": -64.76043701171875, "best_median": -40.38292694091797, "n_episodes": 200, "n_neurons_best": 4, "n_conns_best": 40}
{"generation": 3, "best_mean": -42.09455108642578, "best_std": 3.8587450981140137, "best_max": -34.947479248046875, "best_min": -62.0792236328125, "best_median": -41.85601043701172, "n_episodes": 200, "n_neurons_best": 4, "n_conns_best": 41}
{"generation": 4, "best_mean": -37.30299758911133, "best_std": 4.292195796966553, "best_max": -27.85235023498535, "best_min": -49.79307556152344, "best_median": -36.730010986328125, "n_episodes": 200, "n_neurons_best": 2, "n_conns_best": 34}
{"generation": 5, "best_mean": -38.5778923034668, "best_std": 4.141009330749512, "best_max": -29.452985763549805, "best_min": -52.79574966430664, "best_median": -38.225608825683594, "n_episodes": 200, "n_neurons_best": 2, "n_conns_best": 34}
{"generation": 6, "best_mean": -36.329036712646484, "best_std": 3.4208858013153076, "best_max": -27.04630470275879, "best_min": -48.22514343261719, "best_median": -35.904510498046875, "n_episodes": 200, "n_neurons_best": 4, "n_conns_best": 39}
{"generation": 7, "best_mean": -36.32709884643555, "best_std": 3.076634168624878, "best_max": -28.44074249267578, "best_min": -47.462432861328125, "best_median": -36.343017578125, "n_episodes": 200, "n_neurons_best": 4, "n_conns_best": 39}
{"generation": 8, "best_mean": -34.80373001098633, "best_std": 5.292149066925049, "best_max": -20.71376609802246, "best_min": -49.577919006347656, "best_median": -34.281105041503906, "n_episodes": 200, "n_neurons_best": 6, "n_conns_best": 41}
{"generation": 9, "best_mean": -33.245025634765625, "best_std": 4.954646587371826, "best_max": -21.029577255249023, "best_min": -50.46144104003906, "best_median": -32.484710693359375, "n_episodes": 200, "n_neurons_best": 6, "n_conns_best": 41}
{"generation": 10, "best_mean": -31.451457977294922, "best_std": 4.271129608154297, "best_max": -21.54437255859375, "best_min": -49.43495178222656, "best_median": -30.80950164794922, "n_episodes": 200, "n_neurons_best": 7, "n_conns_best": 41}
{"generation": 11, "best_mean": -31.04290199279785, "best_std": 3.2131412029266357, "best_max": -23.838808059692383, "best_min": -41.11048889160156, "best_median": -30.530513763427734, "n_episodes": 200, "n_neurons_best": 5, "n_conns_best": 39}
{"generation": 12, "best_mean": -29.75554656982422, "best_std": 3.2303833961486816, "best_max": -23.075092315673828, "best_min": -42.63041305541992, "best_median": -29.406070709228516, "n_episodes": 200, "n_neurons_best": 7, "n_conns_best": 43}
{"generation": 13, "best_mean": -29.79085922241211, "best_std": 3.183218479156494, "best_max": -21.745620727539062, "best_min": -41.57678985595703, "best_median": -29.457782745361328, "n_episodes": 200, "n_neurons_best": 7, "n_conns_best": 43}
{"generation": 14, "best_mean": -29.890213012695312, "best_std": 3.1551008224487305, "best_max": -22.28467559814453, "best_min": -41.20122528076172, "best_median": -29.723480224609375, "n_episodes": 200, "n_neurons_best": 7, "n_conns_best": 43}
{"generation": 15, "best_mean": -29.961830139160156, "best_std": 3.1117351055145264, "best_max": -23.891145706176758, "best_min": -47.03639602661133, "best_median": -29.587499618530273, "n_episodes": 200, "n_neurons_best": 6, "n_conns_best": 37}
{"generation": 16, "best_mean": -28.805830001831055, "best_std": 3.4257688522338867, "best_max": -22.366382598876953, "best_min": -40.90834045410156, "best_median": -28.56519317626953, "n_episodes": 200, "n_neurons_best": 7, "n_conns_best": 40}
{"generation": 17, "best_mean": -27.787891387939453, "best_std": 3.28196120262146, "best_max": -20.779010772705078, "best_min": -40.09519958496094, "best_median": -27.501630783081055, "n_episodes": 200, "n_neurons_best": 6, "n_conns_best": 40}
{"generation": 18, "best_mean": -28.054882049560547, "best_std": 3.379483222961426, "best_max": -19.546112060546875, "best_min": -38.477176666259766, "best_median": -27.855918884277344, "n_episodes": 200, "n_neurons_best": 6, "n_conns_best": 36}
{"generation": 19, "best_mean": -27.286733627319336, "best_std": 3.754352569580078, "best_max": -20.09575653076172, "best_min": -36.845611572265625, "best_median": -26.9984130859375, "n_episodes": 200, "n_neurons_best": 6, "n_conns_best": 33}
{"generation": 20, "best_mean": -27.856225967407227, "best_std": 3.5541040897369385, "best_max": -19.529415130615234, "best_min": -37.74507141113281, "best_median": -27.514572143554688, "n_episodes": 200, "n_neurons_best": 6, "n_conns_best": 36}
{"generation": 21, "best_mean": -27.6677303314209, "best_std": 3.7742912769317627, "best_max": -20.094478607177734, "best_min": -40.09214401245117, "best_median": -27.186424255371094, "n_episodes": 200, "n_neurons_best": 6, "n_conns_best": 36}
{"generation": 22, "best_mean": -27.9107723236084, "best_std": 3.6397933959960938, "best_max": -19.473346710205078, "best_min": -38.313751220703125, "best_median": -27.82532501220703, "n_episodes": 200, "n_neurons_best": 6, "n_conns_best": 33}
{"generation": 23, "best_mean": -27.8886775970459, "best_std": 3.5576746463775635, "best_max": -19.947998046875, "best_min": -38.497947692871094, "best_median": -27.564716339111328, "n_episodes": 200, "n_neurons_best": 6, "n_conns_best": 39}
{"generation": 24, "best_mean": -26.920270919799805, "best_std": 4.014132976531982, "best_max": -18.012271881103516, "best_min": -37.88319778442383, "best_median": -26.571636199951172, "n_episodes": 200, "n_neurons_best": 5, "n_conns_best": 31}
{"generation": 25, "best_mean": -26.770591735839844, "best_std": 3.6465413570404053, "best_max": -18.45747184753418, "best_min": -36.31903839111328, "best_median": -26.488529205322266, "n_episodes": 200, "n_neurons_best": 5, "n_conns_best": 32}
{"generation": 26, "best_mean": -26.153261184692383, "best_std": 3.341761589050293, "best_max": -19.235525131225586, "best_min": -37.527992248535156, "best_median": -25.757192611694336, "n_episodes": 200, "n_neurons_best": 7, "n_conns_best": 40}
{"generation": 27, "best_mean": -26.238262176513672, "best_std": 2.8152034282684326, "best_max": -21.242416381835938, "best_min": -35.0284538269043, "best_median": -26.005006790161133, "n_episodes": 200, "n_neurons_best": 5, "n_conns_best": 31}
{"generation": 28, "best_mean": -25.88982391357422, "best_std": 2.8672237396240234, "best_max": -18.507293701171875, "best_min": -34.595741271972656, "best_median": -25.846393585205078, "n_episodes": 200, "n_neurons_best": 6, "n_conns_best": 35}
{"generation": 29, "best_mean": -25.753664016723633, "best_std": 2.866421699523926, "best_max": -20.28148078918457, "best_min": -33.98041915893555, "best_median": -25.378732681274414, "n_episodes": 200, "n_neurons_best": 8, "n_conns_best": 40}
{"generation": 30, "best_mean": -25.339380264282227, "best_std": 3.199827194213867, "best_max": -16.003864288330078, "best_min": -34.98283386230469, "best_median": -24.93782615661621, "n_episodes": 200, "n_neurons_best": 8, "n_conns_best": 38}
{"generation": 31, "best_mean": -25.038558959960938, "best_std": 2.9766457080841064, "best_max": -18.95363426208496, "best_min": -35.024600982666016, "best_median": -24.79944610595703, "n_episodes": 200, "n_neurons_best": 8, "n_conns_best": 36}
{"generation": 32, "best_mean": -24.910930633544922, "best_std": 3.127455234527588, "best_max": -17.3785400390625, "best_min": -35.57227325439453, "best_median": -24.714637756347656,