{"generation": 0, "fitness_avg": -384.48440439860025, "fitness_std": 160.90197805101798, "fitness_best": -66.91547393798828, "pop_size": 300, "n_species": 1, "time_elapsed": 4.602910995483398, "time_elapsed_avg": 4.602910995483398, "n_extinctions": 0}
{"generation": 1, "fitness_avg": -235.52487893422446, "fitness_std": 147.86044689425302, "fitness_best": -43.88401412963867, "pop_size": 300, "n_species": 1, "time_elapsed": 4.395847797393799, "time_elapsed_avg": 4.499379396438599, "n_extinctions": 0}
{"generation": 2, "fitness_avg": -185.64155050913493, "fitness_std": 135.80867956625895, "fitness_best": -42.0792121887207, "pop_size": 300, "n_species": 1, "time_elapsed": 4.410373687744141, "time_elapsed_avg": 4.469710826873779, "n_extinctions": 0}
{"generation": 3, "fitness_avg": -163.12863328297934, "fitness_std": 126.9937740638313, "fitness_best": -42.09455108642578, "pop_size": 300, "n_species": 1, "time_elapsed": 4.419315338134766, "time_elapsed_avg": 4.457111954689026, "n_extinctions": 0}
{"generation": 4, "fitness_avg": -139.52388637542725, "fitness_std": 111.94782745409753, "fitness_best": -37.30299758911133, "pop_size": 300, "n_species": 1, "time_elapsed": 4.44497537612915, "time_elapsed_avg": 4.454684638977051, "n_extinctions": 0}
{"generation": 5, "fitness_avg": -125.64638518015543, "fitness_std": 107.01054925920964, "fitness_best": -38.5778923034668, "pop_size": 300, "n_species": 1, "time_elapsed": 5.593332767486572, "time_elapsed_avg": 4.644459327061971, "n_extinctions": 0}
{"generation": 6, "fitness_avg": -124.93768147786459, "fitness_std": 106.86716964081236, "fitness_best": -36.329036712646484, "pop_size": 300, "n_species": 1, "time_elapsed": 8.63853144645691, "time_elapsed_avg": 5.215041058404105, "n_extinctions": 0}
{"generation": 7, "fitness_avg": -127.07310367584229, "fitness_std": 114.45225975198113, "fitness_best": -36.32709884643555, "pop_size": 300, "n_species": 1, "time_elapsed": 6.817873239517212, "time_elapsed_avg": 5.415395081043243, "n_extinctions": 0}
{"generation": 8, "fitness_avg": -113.56603374481202, "fitness_std": 106.9382842207218, "fitness_best": -34.80373001098633, "pop_size": 300, "n_species": 1, "time_elapsed": 4.467653274536133, "time_elapsed_avg": 5.310090435875787, "n_extinctions": 0}
{"generation": 9, "fitness_avg": -114.96943828582764, "fitness_std": 102.34294328980035, "fitness_best": -33.245025634765625, "pop_size": 300, "n_species": 1, "time_elapsed": 4.46138072013855, "time_elapsed_avg": 5.225219464302063, "n_extinctions": 0}
{"generation": 10, "fitness_avg": -103.34714336395264, "fitness_std": 92.65914764731824, "fitness_best": -31.451457977294922, "pop_size": 300, "n_species": 1, "time_elapsed": 4.447098255157471, "time_elapsed_avg": 5.20963819026947, "n_extinctions": 0}
{"generation": 11, "fitness_avg": -96.7818845240275, "fitness_std": 84.26829101333736, "fitness_best": -31.04290199279785, "pop_size": 300, "n_species": 1, "time_elapsed": 4.403458595275879, "time_elapsed_avg": 5.210399270057678, "n_extinctions": 0}
{"generation": 12, "fitness_avg": -110.08919170379639, "fitness_std": 108.6512371849291, "fitness_best": -29.75554656982422, "pop_size": 300, "n_species": 1, "time_elapsed": 4.462811470031738, "time_elapsed_avg": 5.215643048286438, "n_extinctions": 0}
{"generation": 13, "fitness_avg": -111.41517175038656, "fitness_std": 115.93391661850228, "fitness_best": -29.79085922241211, "pop_size": 300, "n_species": 1, "time_elapsed": 4.415382623672485, "time_elapsed_avg": 5.21524977684021, "n_extinctions": 0}
{"generation": 14, "fitness_avg": -94.49138864517212, "fitness_std": 97.43074069605976, "fitness_best": -29.890213012695312, "pop_size": 300, "n_species": 1, "time_elapsed": 4.430313348770142, "time_elapsed_avg": 5.213783574104309, "n_extinctions": 0}
{"generation": 15, "fitness_avg": -89.4578396987915, "fitness_std": 88.08222306753802, "fitness_best": -29.961830139160156, "pop_size": 300, "n_species": 1, "time_elapsed": 4.435393333435059, "time_elapsed_avg": 5.097989630699158, "n_extinctions": 0}
{"generation": 16, "fitness_avg": -91.17988507588704, "fitness_std": 93.08536160749124, "fitness_best": -28.805830001831055, "pop_size": 300, "n_species": 1, "time_elapsed": 4.426863431930542, "time_elapsed_avg": 4.676822829246521, "n_extinctions": 0}
{"generation": 17, "fitness_avg": -85.75595761617025, "fitness_std": 87.33926512326336, "fitness_best": -27.787891387939453, "pop_size": 300, "n_species": 1, "time_elapsed": 4.451928615570068, "time_elapsed_avg": 4.440228366851807, "n_extinctions": 0}
{"generation": 18, "fitness_avg": -87.73036749521891, "fitness_std": 90.72631002359158, "fitness_best": -28.054882049560547, "pop_size": 300, "n_species": 1, "time_elapsed": 4.458879232406616, "time_elapsed_avg": 4.439350962638855, "n_extinctions": 0}
{"generation": 19, "fitness_avg": -82.58929576237996, "fitness_std": 87.13065864719267, "fitness_best": -27.286733627319336, "pop_size": 300, "n_species": 1, "time_elapsed": 4.504643201828003, "time_elapsed_avg": 4.443677210807801, "n_extinctions": 0}
{"generation": 20, "fitness_avg": -88.04718263626098, "fitness_std": 94.58985982922492, "fitness_best": -27.856225967407227, "pop_size": 300, "n_species": 1, "time_elapsed": 4.502062797546387, "time_elapsed_avg": 4.4491736650466915, "n_extinctions": 0}
{"generation": 21, "fitness_avg": -89.8434140141805, "fitness_std": 95.30247445678565, "fitness_best": -27.6677303314209, "pop_size": 300, "n_species": 1, "time_elapsed": 4.435404300689697, "time_elapsed_avg": 4.452368235588073, "n_extinctions": 0}
{"generation": 22, "fitness_avg": -86.76558044433594, "fitness_std": 99.43944755110749, "fitness_best": -27.9107723236084, "pop_size": 300, "n_species": 1, "time_elapsed": 4.461954593658447, "time_elapsed_avg": 4.452282547950745, "n_extinctions": 0}
{"generation": 23, "fitness_avg": -83.08334688822428, "fitness_std": 93.91303003756933, "fitness_best": -27.8886775970459, "pop_size": 300, "n_species": 3, "time_elapsed": 4.441413402557373, "time_elapsed_avg": 4.454885625839234, "n_extinctions": 0}
{"generation": 24, "fitness_avg": -73.8377610651652, "fitness_std": 87.19075937690563, "fitness_best": -26.920270919799805, "pop_size": 300, "n_species": 3, "time_elapsed": 4.437990188598633, "time_elapsed_avg": 4.4556533098220825, "n_extinctions": 0}
{"generation": 25, "fitness_avg": -86.13231778862485, "fitness_std": 107.56128794171035, "fitness_best": -26.770591735839844, "pop_size": 299, "n_species": 3, "time_elapsed": 4.474226713180542, "time_elapsed_avg": 4.4595366477966305, "n_extinctions": 0}
{"generation": 26, "fitness_avg": -72.07868630091349, "fitness_std": 90.48443362986286, "fitness_best": -26.153261184692383, "pop_size": 300, "n_species": 3, "time_elapsed": 4.4918811321258545, "time_elapsed_avg": 4.466038417816162, "n_extinctions": 0}
{"generation": 27, "fitness_avg": -73.16835723241171, "fitness_std": 90.04172098913841, "fitness_best": -26.238262176513672, "pop_size": 300, "n_species": 3, "time_elapsed": 8.437261581420898, "time_elapsed_avg": 4.8645717144012455, "n_extinctions": 0}
{"generation": 28, "fitness_avg": -87.9915325164795, "fitness_std": 113.01678055175528, "fitness_best": -25.88982391357422, "pop_size": 300, "n_species": 3, "time_elapsed": 8.905751943588257, "time_elapsed_avg": 5.309258985519409, "n_extinctions": 0}
{"generation": 29, "fitness_avg": -83.05370733261108, "fitness_std": 105.61178269205632, "fitness_best": -25.753664016723633, "pop_size": 300, "n_species": 3, "time_elapsed": 4.431036472320557, "time_elapsed_avg": 5.301898312568665, "n_extinctions": 0}
{"generation": 30, "fitness_avg": -72.69660434087118, "fitness_std": 97.18975227190788, "fitness_best": -25.339380264282227, "pop_size": 300, "n_species": 3, "time_elapsed": 4.435566425323486, "time_elapsed_avg": 5.295248675346374, "n_extinctions": 0}
{"generation": 31, "fitness_avg": -78.19421371408929, "fitness_std": 99.51218472380803, "fitness_best": -25.038558959960938, "pop_size": 299, "n_species": 3, "time_elapsed": 4.450249433517456,