{
  "config": "navigation_recurrent_200_3_True_1_False_True_False_0.35_0.1",
  "total_generations": 50,
  "initial": {
    "fitness_avg": -23.586985881328584,
    "fitness_std": 7.748034558901018,
    "fitness_best": -2.6093430519104004
  },
  "final": {
    "fitness_avg": -1.4353036883566528,
    "fitness_std": 7.106396086123894,
    "fitness_best": 3.651639699935913
  },
  "best_ever": {
    "fitness": 3.881288766860962,
    "generation": 46
  },
  "improvement": {
    "avg_improvement": 22.151682192971933,
    "best_improvement": 6.2609827518463135
  }
}